"",Gender,University,Marital Status,Age at Recruitment,Antrim Brigade,Derry Brigade,Armagh Brigade,Down Brigade,Tyrone Brigade,Period1Vio,Period1NonVio,Period1VForOp,Period1Senior,Period1Gun,Period1IED_C,Period1IED_P,Period1ForOp,Period1Rob
ZF1013,0,0,1,30,0,0,0,0,0,0,1,0,0,0,0,0,0,1
ZF1014,0,0,1,20,1,0,0,0,0,1,0,0,0,0,0,1,0,0
ZF1015,1,0,99999,99999,1,0,0,0,0,0,0,0,0,0,0,0,0,0
ZF1020,0,0,0,31,0,1,0,0,0,0,0,0,0,0,0,0,0,0
ZF1025,0,0,99999,19,0,1,0,0,0,1,0,0,0,0,0,1,0,0
ZF1029,0,0,99999,18,0,0,1,0,0,0,0,0,0,0,0,0,0,0
ZF1031,0,0,99999,30,0,0,1,0,0,0,0,0,0,0,0,0,0,0
ZF1032,0,0,0,99999,99999,99999,99999,99999,99999,0,0,0,0,0,0,0,0,0
ZF1038,0,0,1,23,0,0,0,0,0,1,0,0,0,0,1,1,0,0
ZF104,0,0,99999,99999,99999,99999,99999,99999,99999,0,0,0,0,0,0,0,0,0
ZF1049,0,0,99999,20,1,0,0,0,0,0,0,0,0,0,0,0,0,0
ZF105,0,0,99999,36,1,0,0,0,0,0,1,0,0,0,0,0,0,0
ZF1059,0,0,99999,99999,0,0,0,1,0,0,0,0,0,0,0,0,0,0
ZF1060,0,0,99999,23,0,0,0,1,0,0,0,0,0,0,0,0,0,0
ZF107,0,0,99999,22,1,0,0,0,0,1,0,0,0,0,0,1,0,0
ZF1078,0,0,0,34,0,0,0,0,1,1,0,0,0,1,0,0,0,0
ZF1079,0,0,99999,29,1,0,0,0,0,0,0,0,0,0,0,0,0,0
ZF1082,0,0,99999,99999,0,0,0,0,0,0,0,0,0,0,0,0,0,0
ZF1088,0,0,1,23,1,0,0,0,0,1,0,0,0,1,0,0,0,0
ZF1089,0,0,99999,22,1,0,0,0,0,0,0,0,0,0,0,0,0,0
ZF1091,0,0,1,21,0,0,1,0,0,1,0,0,0,0,0,1,0,0
ZF1101,0,0,0,26,0,0,0,0,0,0,0,0,0,0,0,0,0,0
ZF1103,0,0,99999,18,1,0,0,0,0,1,0,0,0,1,0,0,0,0
ZF1116,0,0,99999,19,99999,99999,99999,99999,99999,1,0,0,0,1,0,0,1,0
ZF1118,0,0,99999,17,1,0,0,0,0,1,0,1,0,1,0,1,1,0
ZF1122,0,1,1,17,0,0,0,0,0,0,0,0,0,0,0,0,0,0
ZF1127,0,0,99999,99999,0,0,0,0,1,0,0,0,0,0,0,0,0,0
ZF1128,0,1,1,19,0,0,0,0,0,0,0,0,0,0,0,0,0,0
ZF1129,0,0,0,99999,0,0,0,0,0,0,0,0,0,0,0,0,0,0
ZF1132,1,1,99999,36,0,0,0,0,0,1,0,1,0,0,0,1,1,0
ZF1134,0,0,0,23,0,0,0,0,1,1,0,0,0,0,0,1,0,0
ZF1135,0,0,0,18,0,0,0,0,0,1,0,1,0,0,0,1,1,0
ZF1138,0,1,99999,99999,0,0,0,0,0,0,0,0,0,0,0,0,0,0
ZF1149,0,0,1,99999,0,0,1,0,0,0,0,0,0,0,0,0,0,0
ZF1151,0,0,99999,26,0,0,0,0,1,0,1,0,0,0,0,0,0,1
ZF1157,0,0,0,17,1,0,0,0,0,1,0,0,0,0,1,0,0,0
ZF1158,0,0,0,99999,0,0,0,0,0,0,0,0,0,0,0,0,0,0
ZF1161,0,0,99999,17,0,0,0,1,0,0,0,0,0,0,0,0,0,0
ZF1162,1,0,1,28,0,0,0,0,0,0,0,0,0,0,0,0,0,0
ZF1163,0,0,99999,99999,99999,99999,99999,99999,99999,0,0,0,0,0,0,0,0,0
ZF1170,0,0,0,29,0,0,0,0,1,1,0,0,0,0,0,1,0,0
ZF1173,0,0,0,27,1,0,0,0,0,1,0,0,0,1,0,0,0,0
ZF1174,0,0,1,20,99999,99999,99999,99999,99999,0,0,0,0,0,0,0,0,0
ZF1177,1,0,1,35,1,0,0,0,0,0,0,0,0,0,0,0,0,0
ZF118,0,0,0,18,0,0,0,0,0,0,0,0,0,0,0,0,0,0
ZF1181,0,0,0,99999,0,0,0,0,0,0,0,0,0,0,0,0,0,0
ZF1182,0,0,99999,21,0,0,0,0,0,0,1,0,0,0,0,0,0,1
ZF1183,0,0,1,24,0,0,0,0,0,0,0,0,0,0,0,0,0,0
ZF119,0,0,1,29,0,0,0,0,1,1,0,0,0,0,0,1,0,0
ZF1194,0,0,1,29,0,0,0,0,0,0,0,0,0,0,0,0,0,0
ZF1201,0,0,99999,99999,99999,99999,99999,99999,99999,0,0,0,0,0,0,0,0,0
ZF1203,0,0,99999,25,0,0,1,0,0,0,0,0,0,0,0,0,0,0
ZF1204,0,0,99999,24,1,0,0,0,0,0,0,0,0,0,0,0,0,0
ZF1210,1,0,0,18,1,0,0,0,0,1,0,0,0,0,0,1,0,0
ZF1215,1,0,0,19,1,0,0,0,0,1,0,0,0,0,1,0,0,0
ZF1220,0,0,0,22,0,0,1,0,0,1,0,0,1,0,0,1,0,0
ZF1226,1,1,1,22,1,0,0,0,0,1,0,0,0,0,0,1,0,0
ZF1227,1,0,99999,19,1,0,0,0,0,1,0,0,0,0,0,1,0,0
ZF123,0,0,0,20,0,0,0,0,0,1,0,0,0,0,0,1,0,0
ZF1240,0,0,0,18,0,0,0,1,0,1,0,0,0,0,0,1,0,0
ZF1248,0,0,99999,24,0,0,1,0,0,1,0,0,0,1,0,0,0,0
ZF1249,0,0,99999,25,0,0,0,1,0,1,0,0,0,0,0,1,0,0
ZF1251,0,0,99999,20,0,0,0,0,1,0,0,0,0,0,0,0,0,0
ZF1252,0,0,0,16,0,0,0,0,1,1,0,0,0,1,0,0,0,0
ZF1259,0,0,99999,99999,1,0,0,0,0,0,0,0,0,0,0,0,0,0
ZF1261,0,0,99999,19,1,0,0,0,0,0,0,0,0,0,0,0,0,0
ZF1264,0,1,0,36,0,1,0,0,0,0,0,0,0,0,0,0,0,0
ZF1266,0,0,0,27,1,0,0,0,0,0,0,0,0,0,0,0,0,0
ZF1269,0,0,99999,27,0,0,1,0,0,0,0,0,0,0,0,0,0,0
ZF1271,0,0,0,18,0,0,0,1,0,1,0,0,0,0,1,0,0,0
ZF1277,0,0,1,37,0,0,0,0,0,0,0,0,0,0,0,0,0,0
ZF129,0,0,99999,99999,99999,99999,99999,99999,99999,0,0,0,0,0,0,0,0,0
ZF1294,0,0,99999,23,1,0,0,0,0,0,0,0,0,0,0,0,0,0
ZF1302,0,0,0,19,0,1,0,0,0,1,0,0,0,0,0,1,0,0
ZF1304,0,0,1,34,0,0,0,0,0,0,1,0,0,0,0,0,0,1
ZF1318,0,0,99999,19,1,0,0,0,0,0,1,0,0,0,0,0,0,1
ZF1320,0,0,99999,17,1,0,0,0,0,0,1,0,0,0,0,0,0,1
ZF1322,0,0,0,99999,0,0,0,0,0,0,0,0,0,0,0,0,0,0
ZF1328,0,0,0,27,1,0,0,0,0,1,0,0,0,0,0,1,0,0
ZF133,0,0,99999,99999,0,1,0,0,0,1,0,0,1,0,1,0,0,0
ZF1335,0,0,0,18,1,0,0,0,0,1,0,0,0,0,0,1,0,0
ZF1338,0,0,0,18,1,0,0,0,0,1,0,0,0,0,0,1,0,0
ZF1340,0,0,99999,34,0,0,0,0,0,1,0,1,0,0,0,1,1,0
ZF1341,0,0,99999,36,0,0,0,0,0,0,0,0,0,0,0,0,0,1
ZF1343,0,0,1,38,0,0,0,0,0,0,1,0,0,0,0,0,0,1
ZF1356,0,0,0,25,1,0,0,0,0,0,0,0,0,0,0,0,0,0
ZF1365,0,0,99999,26,0,0,1,0,0,1,0,0,0,0,1,0,0,0
ZF1366,0,0,99999,99999,1,0,0,0,0,0,0,0,0,0,0,0,0,0
ZF1367,0,0,99999,23,0,0,0,0,0,0,0,0,0,0,0,0,0,0
ZF1377,0,0,99999,20,1,0,0,0,0,0,1,0,0,0,0,0,0,1
ZF1379,0,0,99999,99999,1,0,0,0,0,0,0,0,0,0,0,0,0,0
ZF1380,0,0,99999,19,1,0,0,0,0,0,0,0,0,0,0,0,0,0
ZF140,0,1,1,29,0,0,0,0,0,0,0,0,0,0,0,0,0,0
ZF143,0,0,99999,26,0,0,0,0,1,1,0,0,0,0,0,1,0,0
ZF15,0,0,99999,18,99999,99999,99999,99999,99999,1,0,0,0,0,0,1,0,0
ZF151,0,0,99999,27,1,0,0,0,0,1,0,0,0,1,0,0,0,0
ZF152,0,0,99999,21,1,0,0,0,0,1,0,0,0,0,0,1,0,0
ZF154,0,0,99999,19,1,0,0,0,0,1,0,0,0,0,0,1,0,0
ZF155,0,0,99999,19,1,0,0,0,0,1,0,0,0,0,0,1,0,0
ZF156,0,0,99999,30,0,0,0,0,0,0,0,0,0,0,0,0,0,0
ZF157,0,0,0,24,0,0,1,0,0,0,0,0,0,0,0,0,0,0
ZF164,0,0,99999,20,0,0,0,0,1,0,0,0,0,0,0,0,0,0
ZF172,0,0,99999,20,1,0,0,0,0,0,0,0,0,0,0,0,0,0
ZF176,0,0,0,31,1,0,0,0,0,0,0,0,1,0,0,0,0,0
ZF190,0,0,1,16,0,0,0,0,0,0,0,0,1,0,0,0,0,0
ZF194,0,0,1,78,0,1,0,0,0,0,0,0,0,0,0,0,0,0
ZF195,0,0,99999,40,1,0,0,0,0,0,0,0,0,0,0,0,0,0
ZF197,1,0,99999,18,0,1,0,0,0,0,0,0,0,0,0,0,0,0
ZF20,0,0,99999,20,0,0,0,0,0,0,0,0,0,0,0,0,0,0
ZF206,1,0,0,23,1,0,0,0,0,1,0,0,0,0,0,1,0,0
ZF208,0,0,99999,99999,1,0,0,0,0,0,0,0,0,0,0,0,0,0
ZF213,0,0,99999,99999,99999,99999,99999,99999,99999,0,0,0,0,0,0,0,0,0
ZF214,0,0,0,19,1,0,0,0,0,1,0,0,0,0,1,0,0,0
ZF217,0,0,99999,99999,99999,99999,99999,99999,99999,0,0,0,0,0,0,0,0,0
ZF219,0,0,99999,99999,0,0,0,0,1,0,0,0,0,0,0,1,0,0
ZF222,0,0,99999,19,99999,99999,99999,99999,99999,0,0,0,0,0,0,0,0,0
ZF237,0,0,99999,30,1,0,0,0,0,0,0,0,0,0,0,0,0,0
ZF24,0,0,0,18,1,0,0,0,0,1,0,0,0,0,0,1,0,0
ZF248,0,0,0,16,0,0,0,0,1,0,0,0,0,0,0,0,0,0
ZF251,0,0,99999,22,0,0,0,0,1,0,0,0,0,0,0,0,0,0
ZF257,0,0,99999,23,0,0,0,0,0,1,0,0,0,1,0,0,0,0
ZF260,0,0,0,21,0,0,0,0,0,0,0,0,0,0,0,0,0,0
ZF261,0,0,0,26,0,0,0,0,0,0,0,0,0,0,0,0,0,0
ZF267,0,0,0,16,0,1,0,0,0,1,0,0,0,1,0,0,0,0
ZF268,0,0,99999,22,0,0,0,0,0,1,0,1,0,0,0,1,1,0
ZF273,0,0,0,15,1,0,0,0,0,1,0,0,0,0,0,1,0,0
ZF276,0,0,99999,99999,99999,99999,99999,99999,99999,0,0,0,0,0,0,0,0,0
ZF28,0,0,0,20,1,0,0,0,0,1,0,0,0,0,0,1,0,0
ZF287,0,0,99999,36,0,0,0,0,0,1,0,1,0,0,0,1,1,0
ZF288,0,0,99999,99999,0,1,0,0,0,0,0,0,0,0,0,0,0,0
ZF29,0,0,1,20,1,0,0,0,0,0,0,0,1,0,0,0,0,0
ZF290,0,0,99999,20,0,0,0,0,1,1,0,0,0,0,0,1,0,0
ZF297,1,0,99999,45,0,0,0,0,0,1,0,1,0,0,0,1,1,0
ZF3,0,0,1,21,1,0,0,0,0,0,1,0,1,0,0,0,0,0
ZF305,0,0,1,29,1,0,0,0,0,1,0,0,0,0,0,1,0,0
ZF309,0,0,99999,27,0,0,0,0,0,1,0,1,1,0,0,1,1,0
ZF312,0,0,99999,99999,99999,99999,99999,99999,99999,0,0,0,0,0,0,0,0,0
ZF315,0,0,0,99999,0,0,0,0,0,0,0,0,0,0,0,0,0,0
ZF317,0,0,1,17,1,0,0,0,0,0,0,0,1,0,0,0,0,0
ZF318,1,0,1,51,1,0,0,0,0,0,0,0,0,0,0,0,0,0
ZF32,0,0,99999,99999,99999,99999,99999,99999,99999,0,0,0,0,0,0,0,0,0
ZF321,0,0,99999,22,0,0,0,0,0,1,0,0,0,0,0,1,0,0
ZF328,0,0,99999,21,0,0,0,0,0,1,0,1,0,0,0,1,1,0
ZF335,0,0,0,19,1,0,0,0,0,1,0,0,0,0,0,1,0,0
ZF340,1,0,0,18,1,0,0,0,0,1,0,0,0,0,0,1,0,0
ZF345,0,1,99999,21,1,0,0,0,0,1,0,1,0,0,0,1,1,0
ZF348,0,0,99999,17,1,0,0,0,0,0,0,0,0,0,0,0,0,0
ZF349,0,0,99999,18,1,0,0,0,0,0,0,0,0,0,0,0,0,0
ZF351,0,0,1,21,0,0,0,0,0,0,1,0,0,0,0,0,0,1
ZF358,0,0,0,99999,1,0,0,0,0,0,0,0,0,0,0,0,0,0
ZF361,0,0,99999,21,1,0,0,0,0,0,0,0,0,0,0,0,0,0
ZF362,0,0,1,26,1,0,0,0,0,1,0,0,0,0,0,1,0,0
ZF363,0,0,99999,31,1,0,0,0,0,0,0,0,0,0,0,0,0,0
ZF364,0,0,99999,27,0,0,0,1,0,1,0,0,0,0,0,1,0,0
ZF366,1,0,0,17,0,0,0,1,0,1,0,0,0,0,0,1,0,0
ZF370,0,0,0,24,0,1,0,0,0,0,0,0,0,0,0,0,0,0
ZF371,0,0,99999,17,0,1,0,0,0,0,0,0,0,0,0,0,0,0
ZF374,0,0,0,19,0,1,0,0,0,0,0,0,0,0,0,0,0,0
ZF378,0,0,99999,28,1,0,0,0,0,0,0,0,0,0,0,0,0,0
ZF381,0,0,99999,99999,1,0,0,0,0,0,0,0,0,0,0,0,0,0
ZF385,0,0,99999,18,1,0,0,0,0,1,0,0,0,0,0,1,0,0
ZF389,0,0,0,16,1,0,0,0,0,1,0,0,0,0,0,1,0,0
ZF396,0,0,99999,19,1,0,0,0,0,0,0,0,0,0,0,0,0,0
ZF40,0,0,99999,22,0,0,0,0,0,1,0,0,0,0,0,1,0,0
ZF406,0,0,99999,22,1,0,0,0,0,1,0,0,0,1,0,0,0,0
ZF407,0,0,99999,99999,1,0,0,0,0,0,0,0,0,0,0,0,0,0
ZF41,1,0,0,15,1,0,0,0,0,1,0,0,0,0,0,1,0,0
ZF410,0,0,99999,21,0,0,0,0,0,1,0,0,0,0,0,1,1,0
ZF414,0,0,1,25,0,0,0,0,0,0,0,0,0,0,0,0,0,0
ZF415,0,0,1,51,0,0,0,0,0,0,0,0,0,0,0,0,0,0
ZF420,0,0,0,18,0,0,0,0,0,0,1,0,0,0,0,0,0,1
ZF421,0,0,0,20,0,0,0,0,0,1,0,0,0,1,0,0,0,0
ZF426,0,0,0,25,1,0,0,0,0,1,0,0,0,0,1,0,0,0
ZF430,0,0,0,26,1,0,0,0,0,0,0,0,0,0,0,0,0,0
ZF432,0,0,0,25,0,0,0,0,1,0,0,0,0,0,0,0,0,0
ZF434,0,0,1,18,0,0,0,0,0,0,0,0,1,0,0,0,0,0
ZF435,0,0,0,20,1,0,0,0,0,0,0,0,0,0,0,0,0,0
ZF438,0,0,0,17,0,0,0,1,0,1,0,0,0,0,0,1,0,0
ZF439,0,0,0,99999,1,0,0,0,0,1,0,0,0,0,0,1,0,0
ZF444,0,0,0,19,0,0,1,0,0,1,0,0,0,0,0,1,1,0
ZF445,0,1,0,24,0,0,0,0,0,1,0,0,0,1,0,0,0,0
ZF447,0,0,1,22,0,0,1,0,0,0,0,0,0,0,0,0,0,0
ZF453,0,0,0,99999,0,0,0,0,0,0,0,0,0,0,0,0,0,0
ZF454,0,0,0,23,0,0,0,0,0,1,0,1,0,0,1,0,1,0
ZF455,0,0,99999,25,0,0,0,0,0,1,0,1,0,0,1,0,1,0
ZF457,0,0,0,29,1,0,0,0,0,1,0,0,0,0,1,0,0,0
ZF459,0,0,1,18,0,0,0,0,0,0,0,0,0,0,0,0,0,0
ZF461,0,0,99999,99999,1,0,0,0,0,0,0,0,0,0,0,0,0,0
ZF464,0,1,1,23,0,0,0,1,0,1,0,0,0,0,0,1,0,0
ZF466,0,0,0,27,1,0,0,0,0,0,0,0,0,0,0,0,0,0
ZF467,0,0,0,23,1,0,0,0,0,1,0,0,0,0,0,1,0,0
ZF469,0,0,1,28,1,0,0,0,0,0,0,0,0,0,0,0,0,0
ZF478,0,0,1,16,0,0,1,0,0,0,0,0,0,0,0,0,1,0
ZF479,0,0,1,99999,0,0,0,0,1,0,0,0,0,0,0,0,0,0
ZF481,0,0,0,33,1,0,0,0,0,0,0,0,0,0,0,0,0,0
ZF483,0,0,0,20,0,0,0,0,0,1,0,0,0,1,0,0,0,0
ZF487,0,0,99999,22,0,0,0,0,1,1,0,0,0,0,0,1,0,0
ZF488,0,0,1,39,0,0,0,0,0,0,1,0,0,0,0,0,0,0
ZF493,0,0,99999,26,0,0,0,0,0,1,0,1,0,0,0,1,1,0
ZF502,0,0,0,24,0,0,0,0,0,0,0,0,0,0,0,0,0,0
ZF507,0,0,0,27,0,0,0,0,0,0,0,0,0,0,0,0,0,0
ZF517,0,0,99999,20,1,0,0,0,0,0,1,0,0,0,0,0,0,1
ZF524,0,0,99999,99999,0,0,0,0,0,0,0,0,0,0,0,0,0,0
ZF525,0,0,99999,34,1,0,0,0,0,0,0,0,0,0,0,0,0,0
ZF527,0,0,99999,17,0,0,0,0,0,0,1,0,0,0,0,0,0,1
ZF528,0,0,99999,18,0,0,1,0,0,0,1,0,0,0,0,0,0,0
ZF529,0,0,1,25,1,0,0,0,0,0,0,0,1,0,0,0,0,0
ZF530,0,0,99999,24,1,0,0,0,0,1,0,0,0,1,0,0,0,0
ZF533,0,0,0,18,0,1,0,0,0,0,0,0,0,0,0,0,0,0
ZF534,0,0,1,27,0,0,0,0,0,0,1,0,0,0,0,0,0,1
ZF535,0,0,99999,18,0,1,0,0,0,0,0,0,0,0,0,0,0,0
ZF539,0,0,99999,99999,1,0,0,0,0,0,0,0,0,0,0,0,0,0
ZF541,0,0,99999,26,0,0,0,1,0,0,0,0,0,0,0,0,0,0
ZF542,0,0,99999,17,1,0,0,0,0,0,0,0,0,0,0,0,0,0
ZF548,0,0,0,19,0,0,0,0,1,1,0,0,0,0,0,1,0,0
ZF564,0,0,1,17,1,0,0,0,0,1,0,0,0,0,0,1,0,0
ZF568,0,0,0,24,1,0,0,0,0,0,0,0,0,0,0,0,0,0
ZF582,0,0,99999,99999,0,1,0,0,0,0,0,0,0,0,0,0,0,0
ZF587,0,0,1,18,1,0,0,0,0,1,0,0,0,0,0,1,0,0
ZF588,0,0,99999,99999,0,0,0,0,0,0,0,0,0,0,0,0,0,0
ZF591,0,0,99999,18,1,0,0,0,0,0,0,0,0,0,0,0,0,0
ZF592,0,0,1,20,1,0,0,0,0,1,0,0,0,0,0,1,0,0
ZF594,0,0,99999,99999,99999,99999,99999,99999,99999,0,0,0,0,0,0,0,0,0
ZF604,0,0,99999,39,0,0,0,0,1,1,0,1,0,0,0,1,1,0
ZF614,0,0,99999,24,0,0,0,0,0,1,0,0,0,1,0,0,0,0
ZF615,0,0,99999,28,0,0,0,0,0,1,0,0,0,1,0,0,1,0
ZF616,0,0,99999,18,1,0,0,0,0,0,1,0,0,0,0,0,0,1
ZF617,0,0,1,13,1,0,0,0,0,0,1,0,0,0,0,0,0,1
ZF620,0,0,99999,19,99999,99999,99999,99999,99999,0,1,0,0,0,0,0,0,1
ZF627,0,0,99999,18,0,1,0,0,0,1,0,0,0,0,0,1,0,0
ZF628,0,0,99999,17,1,0,0,0,0,1,0,0,0,1,0,0,0,0
ZF629,0,0,1,30,0,0,0,0,0,0,1,0,0,0,0,0,0,1
ZF633,0,0,0,20,1,0,0,0,0,1,0,0,0,0,1,0,0,0
ZF635,0,0,99999,18,1,0,0,0,0,0,0,0,0,0,0,0,0,0
ZF637,0,0,99999,18,1,0,0,0,0,0,0,0,0,0,0,0,0,0
ZF639,0,0,0,19,0,0,1,0,0,1,0,0,0,0,0,1,0,0
ZF641,0,0,99999,17,1,0,0,0,0,0,0,0,0,0,0,0,0,0
ZF642,0,0,99999,20,0,0,1,0,0,1,0,0,0,0,1,0,0,0
ZF643,0,0,99999,17,1,0,0,0,0,0,0,0,0,0,0,0,0,0
ZF644,0,0,1,36,1,0,0,0,0,0,1,0,0,0,0,0,0,0
ZF645,0,0,99999,37,0,0,0,0,1,1,0,0,0,0,0,1,0,0
ZF647,0,0,0,19,1,0,0,0,0,1,0,0,0,0,1,0,0,0
ZF648,0,0,99999,18,0,0,0,0,0,0,0,0,0,0,0,0,0,0
ZF649,0,0,0,18,0,0,0,0,0,1,0,0,0,0,0,1,0,0
ZF651,0,0,0,19,0,0,0,0,0,0,0,0,0,0,0,0,0,0
ZF653,0,0,0,15,0,1,0,0,0,0,0,0,0,0,0,0,0,0
ZF659,0,0,1,25,0,0,0,0,0,0,0,0,0,0,0,0,0,0
ZF660,0,0,99999,99999,99999,99999,99999,99999,99999,0,0,0,0,0,0,0,0,0
ZF665,0,0,1,99999,0,0,0,0,0,0,0,0,0,0,0,0,0,0
ZF666,0,0,0,99999,1,0,0,0,0,0,0,0,0,0,0,0,0,0
ZF670,0,0,0,22,0,0,0,1,0,1,0,0,0,0,0,1,0,0
ZF672,0,0,99999,18,0,0,0,0,0,1,0,1,0,0,0,1,1,0
ZF673,0,0,99999,41,1,0,0,0,0,1,0,0,0,0,0,1,0,0
ZF680,0,0,99999,30,1,0,0,0,0,0,1,0,0,0,0,0,0,1
ZF688,1,0,0,19,1,0,0,0,0,1,1,0,0,0,0,1,0,0
ZF690,0,0,99999,38,1,0,0,0,0,0,0,0,0,0,0,0,0,0
ZF70,0,0,1,30,0,0,0,0,1,1,0,0,0,1,0,0,0,0
ZF701,0,0,99999,19,0,0,0,0,0,0,0,0,0,0,0,0,0,0
ZF704,1,0,99999,18,1,0,0,0,0,0,1,0,0,0,0,0,0,1
ZF706,0,0,0,18,0,0,0,0,1,0,0,0,0,0,0,0,0,0
ZF71,0,0,1,25,1,0,0,0,0,0,0,0,0,0,0,0,0,0
ZF713,0,0,1,26,1,0,0,0,0,0,1,0,0,0,0,0,0,1
ZF721,0,0,99999,99999,1,0,0,0,0,0,0,0,0,0,0,0,0,0
ZF724,0,0,1,99999,1,0,0,0,0,0,0,0,0,0,0,0,0,0
ZF73,0,0,0,16,1,0,0,0,0,0,0,0,0,0,0,0,0,0
ZF730,0,0,0,23,0,0,0,1,0,1,0,0,0,0,1,0,0,0
ZF733,0,0,99999,99999,0,0,1,0,0,0,0,0,0,0,0,0,0,0
ZF734,0,0,1,18,0,0,1,0,0,0,0,0,0,0,0,0,0,0
ZF740,0,0,1,27,0,0,0,0,1,1,0,0,0,0,0,1,0,0
ZF751,0,0,99999,99999,99999,99999,99999,99999,99999,0,0,0,0,0,0,0,0,0
ZF752,0,0,99999,26,1,0,0,0,0,0,0,0,0,0,0,0,0,0
ZF754,0,0,1,99999,0,0,0,0,0,0,0,0,0,0,0,0,0,0
ZF755,0,0,99999,99999,99999,99999,99999,99999,99999,0,0,0,0,0,0,0,0,0
ZF763,0,0,99999,99999,1,0,0,0,0,1,0,0,0,0,0,1,0,0
ZF764,1,0,99999,18,1,0,0,0,0,0,1,0,0,0,0,0,0,1
ZF769,0,0,99999,20,1,0,0,0,0,0,0,0,0,0,0,0,0,0
ZF770,0,0,1,99999,1,0,0,0,0,0,0,0,0,0,0,0,0,0
ZF773,0,0,0,25,1,0,0,0,0,0,0,0,0,0,0,0,0,0
ZF779,0,0,99999,24,1,0,0,0,0,0,0,0,0,0,0,0,0,0
ZF781,0,0,99999,20,1,0,0,0,0,1,0,0,0,0,0,1,0,0
ZF788,0,0,1,17,0,1,0,0,0,0,0,0,0,0,0,0,0,0
ZF790,0,0,99999,20,1,0,0,0,0,0,0,0,0,0,0,0,0,0
ZF791,0,0,99999,23,1,0,0,0,0,0,1,0,0,0,0,0,0,1
ZF798,0,0,99999,19,0,1,0,0,0,0,1,0,0,0,0,0,0,1
ZF80,0,0,0,24,1,0,0,0,0,1,0,0,1,1,0,0,0,0
ZF801,0,0,1,38,0,0,0,0,0,0,0,0,0,0,0,0,0,0
ZF806,0,0,99999,20,1,0,0,0,0,0,0,0,0,0,0,0,0,0
ZF810,0,0,1,27,1,0,0,0,0,1,0,0,1,0,1,0,0,0
ZF821,0,0,0,16,0,0,0,1,0,1,0,0,0,1,0,0,0,0
ZF822,0,0,99999,18,0,0,1,0,0,0,0,0,0,0,0,0,0,0
ZF826,0,0,0,18,1,0,0,0,0,1,0,0,0,0,0,1,0,0
ZF832,0,0,1,26,0,0,0,0,0,1,0,1,0,0,0,1,1,0
ZF837,0,0,99999,20,0,0,0,0,0,1,0,0,0,1,0,1,0,0
ZF839,0,0,0,16,1,0,0,0,0,1,0,0,0,0,0,1,0,0
ZF842,0,0,0,23,1,0,0,0,0,1,0,0,0,0,0,1,0,0
ZF845,0,0,0,27,1,0,0,0,0,1,0,0,0,0,0,1,0,0
ZF852,0,0,99999,24,0,0,0,0,0,1,0,0,0,0,0,1,0,0
ZF859,0,0,0,18,0,1,0,0,0,1,0,0,0,0,0,1,0,0
ZF863,0,0,99999,26,0,1,0,0,0,0,0,0,0,0,0,0,0,0
ZF864,0,0,0,17,1,0,0,0,0,1,0,0,0,0,0,1,0,0
ZF866,0,0,99999,22,1,0,0,0,0,0,0,0,0,0,0,0,0,0
ZF870,0,0,1,22,1,0,0,0,0,1,0,0,0,1,0,1,0,0
ZF872,0,0,99999,99999,1,0,0,0,0,0,0,0,0,0,0,0,0,0
ZF873,0,0,99999,17,1,0,0,0,0,0,1,0,0,0,0,0,0,1
ZF879,0,0,99999,19,0,0,0,0,0,1,0,0,0,1,0,0,0,0
ZF881,0,0,99999,36,0,0,1,0,0,1,0,0,0,0,1,0,0,0
ZF884,0,0,99999,18,1,0,0,0,0,1,0,0,0,1,0,0,0,0
ZF889,0,0,1,17,0,1,0,0,0,0,1,0,0,0,0,0,0,1
ZF893,0,0,0,19,1,0,0,0,0,0,0,0,0,0,0,0,0,0
ZF894,0,0,0,20,0,0,0,0,1,1,0,0,0,0,0,1,0,0
ZF896,0,0,99999,19,1,0,0,0,0,0,0,0,0,0,0,0,0,0
ZF903,0,0,99999,19,0,0,0,1,0,1,0,0,0,1,0,0,0,0
ZF922,0,0,0,20,0,0,0,0,0,0,0,0,0,0,0,0,0,0
ZF923,0,0,99999,18,1,0,0,0,0,0,0,0,0,0,0,0,0,0
ZF924,0,0,1,25,0,0,0,0,1,0,0,0,0,0,0,0,0,0
ZF925,0,0,99999,24,1,0,0,0,0,0,0,0,0,0,0,0,0,0
ZF935,0,0,99999,18,0,0,0,0,0,0,0,0,0,0,0,0,0,0
ZF936,0,0,99999,17,0,0,0,1,0,1,0,0,0,0,0,1,0,0
ZF937,0,0,99999,42,0,0,0,1,0,0,1,0,0,0,0,0,0,0
ZF952,0,0,1,29,1,0,0,0,0,1,0,0,0,1,0,0,0,0
ZF958,0,0,0,19,0,1,0,0,0,0,0,0,0,0,0,0,0,0
ZF964,0,0,0,20,0,1,0,0,0,0,0,0,0,0,0,0,0,0
ZF966,0,0,0,19,0,1,0,0,0,0,0,0,0,0,0,0,0,0
ZF97,0,0,99999,26,0,0,0,0,0,1,0,1,0,0,0,1,1,0
ZF976,0,0,0,16,1,0,0,0,0,0,0,0,0,0,0,0,0,0
ZF979,0,0,1,20,1,0,0,0,0,1,0,0,0,1,0,0,0,0
ZF981,0,1,1,54,0,0,0,0,0,0,0,0,0,0,0,0,0,0
ZF982,0,0,0,19,0,0,0,0,1,1,0,0,0,0,0,1,0,0
ZF983,0,0,99999,29,0,0,0,0,0,0,1,0,0,0,0,0,0,1
ZF997,0,0,99999,26,0,0,0,0,0,1,0,0,0,1,0,0,0,0
ZFM215,0,0,99999,20,1,0,0,0,0,1,0,0,0,1,0,0,0,0
ZFM222,0,0,99999,19,1,0,0,0,0,0,0,0,0,0,0,0,0,0
ZFM264,0,0,1,20,0,1,0,0,0,1,0,0,0,0,0,0,0,0
ZFM53,0,0,99999,25,0,0,0,0,1,0,0,0,0,0,0,0,0,0
